Country,Sunscreen Type,SPF Level,Sales (Units),Price (USD),Customer Rating,Size,Ingredient Type,SUNSCREEN_ID
Russia,Spray,60,6728,36.32,4.8,Medium (100ml),Natural,1
South Africa,Spray,70,33570,12.63,5,Large (200ml),Natural,2
Peru,Stick,70,15250,40.68,2.5,Small (50ml),Synthetic,3
Saudi Arabia,Spray,50,8692,47.98,3.4,Large (200ml),Synthetic,4
Greece,Stick,30,26777,28.96,4.6,Large (200ml),Synthetic,5
Singapore,Stick,60,48264,33.22,4.8,Large (200ml),Chemical,6
Turkey,Spray,60,35350,13.01,2.8,Small (50ml),Mineral,7
Norway,Lotion,30,48959,26.08,4.1,Small (50ml),Mineral,8
UK,Lotion,100,22879,26.29,3.1,Small (50ml),Chemical,9
South Korea,Stick,30,13474,18.26,2.9,Large (200ml),Chemical,10
Mexico,Lotion,60,45266,37.96,4.4,Medium (100ml),Chemical,11
South Africa,Spray,100,46537,31.85,3.8,Large (200ml),Chemical,12
Peru,Spray,70,8078,30.81,3.7,Large (200ml),Natural,13
Egypt,Lotion,50,43062,35.02,4.8,Small (50ml),Natural,14
Poland,Stick,50,8979,40.09,3.4,Medium (100ml),Mineral,15
Nigeria,Lotion,30,20370,41.29,2.8,Large (200ml),Synthetic,16
Canada,Lotion,70,34449,43.11,2.5,Small (50ml),Chemical,17
Egypt,Lotion,15,47418,34.9,4,Large (200ml),Synthetic,18
Israel,Spray,50,9397,20.24,2.8,Medium (100ml),Natural,19
Singapore,Spray,15,38903,15.54,2.7,Large (200ml),Chemical,20
Bangladesh,Stick,100,2410,19.06,4.3,Medium (100ml),Synthetic,21
Finland,Lotion,30,39401,45.64,3.5,Medium (100ml),Synthetic,22
South Africa,Lotion,70,10522,7.75,2.8,Small (50ml),Synthetic,23
USA,Lotion,70,14745,5.49,3.6,Small (50ml),Chemical,24
Finland,Stick,30,12993,11.4,3.4,Medium (100ml),Natural,25
Colombia,Lotion,70,18408,42.36,4.8,Medium (100ml),Natural,26
India,Stick,30,19356,41.16,3,Medium (100ml),Chemical,27
Denmark,Stick,15,13838,13.07,3.7,Large (200ml),Mineral,28
Hungary,Lotion,30,17404,29.72,4.7,Large (200ml),Mineral,29
Japan,Lotion,70,47814,33.06,3.1,Large (200ml),Chemical,30
Belgium,Lotion,15,38041,6.1,3.4,Large (200ml),Natural,31
China,Spray,30,36229,42.09,4.8,Large (200ml),Chemical,32
Canada,Spray,70,43740,8.48,3.7,Small (50ml),Synthetic,33
Ireland,Spray,100,7195,48.09,3.3,Large (200ml),Mineral,34
Brazil,Stick,30,33180,32.88,3.6,Small (50ml),Mineral,35
France,Stick,70,36673,24.78,4.2,Large (200ml),Mineral,36
Netherlands,Spray,30,38876,23.22,4,Small (50ml),Natural,37
Portugal,Spray,70,26850,22.17,4.5,Medium (100ml),Natural,38
Norway,Stick,60,35585,47.42,4,Small (50ml),Chemical,39
Thailand,Spray,50,44311,26.2,4.3,Small (50ml),Natural,40
Austria,Spray,60,47390,7.03,4.8,Large (200ml),Synthetic,41
Hungary,Stick,30,14595,16.97,4.1,Medium (100ml),Chemical,42
Sweden,Spray,70,40924,20.82,3.7,Small (50ml),Synthetic,43
Japan,Lotion,70,33265,10.15,3,Medium (100ml),Natural,44
Chile,Lotion,50,29750,9.41,3.3,Large (200ml),Chemical,45
Singapore,Spray,30,20549,17.23,4.7,Large (200ml),Mineral,46
Argentina,Lotion,70,8573,46.91,4.1,Large (200ml),Chemical,47
Saudi Arabia,Lotion,100,41544,6.46,4,Large (200ml),Chemical,48
Czech Republic,Spray,15,28448,36,3.4,Large (200ml),Synthetic,49
Norway,Stick,50,34028,14.6,4.6,Medium (100ml),Synthetic,50
Pakistan,Spray,15,14031,30.85,3.1,Large (200ml),Chemical,51
Nigeria,Stick,100,47692,17.51,4.9,Medium (100ml),Natural,52
Ireland,Lotion,70,25289,6.38,2.8,Small (50ml),Synthetic,53
USA,Lotion,30,15778,27.9,4.2,Medium (100ml),Chemical,54
Denmark,Lotion,50,3375,43.67,4.2,Medium (100ml),Natural,55
Bangladesh,Stick,30,1080,14.29,4.1,Large (200ml),Chemical,56
Portugal,Lotion,70,5916,22.57,4.8,Small (50ml),Natural,57
Sweden,Stick,15,39550,28.08,3.3,Small (50ml),Chemical,58
Australia,Spray,70,4150,7.68,4.2,Medium (100ml),Mineral,59
Poland,Lotion,50,30639,28.73,3.9,Small (50ml),Synthetic,60
Austria,Spray,30,39157,21.82,4,Small (50ml),Mineral,61
Switzerland,Spray,15,37530,33.31,3.8,Large (200ml),Mineral,62
Argentina,Lotion,100,37057,15.27,4.2,Small (50ml),Mineral,63
Poland,Lotion,70,46561,45.15,3.5,Medium (100ml),Synthetic,64
Greece,Stick,50,20480,45.89,3.7,Large (200ml),Chemical,65
Colombia,Spray,70,6252,46.13,3.9,Medium (100ml),Chemical,66
Saudi Arabia,Stick,30,28204,21.46,2.5,Small (50ml),Natural,67
Czech Republic,Spray,15,29782,26.95,3.1,Large (200ml),Mineral,68
New Zealand,Spray,50,20422,9.9,3,Small (50ml),Chemical,69
Philippines,Spray,50,17332,33.84,4.9,Medium (100ml),Chemical,70
Philippines,Spray,100,8756,38.64,3,Medium (100ml),Synthetic,71
Denmark,Lotion,60,36288,23.14,3.5,Small (50ml),Natural,72
Philippines,Spray,50,28601,38.49,4,Small (50ml),Synthetic,73
Russia,Spray,30,48498,42.69,4.8,Small (50ml),Natural,74
China,Lotion,15,9798,17.46,4.5,Small (50ml),Natural,75
Hungary,Lotion,50,30976,45.67,3.6,Large (200ml),Mineral,76
Colombia,Spray,50,24237,27.81,3.1,Small (50ml),Chemical,77
South Africa,Spray,100,33796,38.36,3.3,Small (50ml),Chemical,78
Germany,Spray,30,40301,33.58,3.6,Medium (100ml),Synthetic,79
Chile,Lotion,60,22473,47.84,3.9,Small (50ml),Mineral,80
Italy,Lotion,60,34638,12.78,3.3,Large (200ml),Synthetic,81
Australia,Stick,60,30702,37.24,2.7,Small (50ml),Mineral,82
Bangladesh,Spray,50,10684,28.87,2.7,Medium (100ml),Chemical,83
UAE,Spray,100,46749,22.05,3.2,Small (50ml),Natural,84
Hungary,Stick,100,7482,8.05,4.3,Medium (100ml),Mineral,85
Ukraine,Stick,60,12232,21.83,2.6,Small (50ml),Synthetic,86
India,Spray,100,16464,30.76,3.9,Small (50ml),Synthetic,87
Denmark,Spray,30,22617,7.18,4.8,Large (200ml),Synthetic,88
Germany,Spray,50,40228,22.19,4.2,Medium (100ml),Mineral,89
Nigeria,Stick,60,39715,43.08,4,Small (50ml),Chemical,90
Japan,Spray,50,17428,12.78,4.3,Medium (100ml),Chemical,91
Germany,Stick,15,1450,21.95,3.7,Small (50ml),Chemical,92
Israel,Spray,50,35322,31.44,4,Small (50ml),Synthetic,93
India,Stick,70,1921,39.11,3.9,Large (200ml),Synthetic,94
Brazil,Lotion,60,11875,48.5,4.6,Medium (100ml),Mineral,95
Brazil,Stick,30,34234,32.55,4.3,Large (200ml),Chemical,96
Egypt,Stick,50,45640,5.66,3.7,Large (200ml),Natural,97
Canada,Lotion,60,34516,15.81,2.5,Large (200ml),Synthetic,98
Indonesia,Stick,50,10560,7.96,2.6,Small (50ml),Mineral,99
China,Lotion,100,45983,19.84,3.9,Medium (100ml),Synthetic,100
Bangladesh,Lotion,70,24058,41.12,4.6,Small (50ml),Chemical,101
Argentina,Stick,30,43987,24.95,4.8,Small (50ml),Mineral,102
China,Stick,60,40676,6.11,3.2,Small (50ml),Chemical,103
Germany,Lotion,50,32035,40.88,3.1,Small (50ml),Natural,104
Switzerland,Lotion,50,47808,22.93,4.4,Large (200ml),Chemical,105
South Africa,Lotion,60,36751,31.82,3,Medium (100ml),Mineral,106
Argentina,Spray,50,38871,22.96,3.5,Medium (100ml),Chemical,107
Norway,Spray,70,5948,17.11,4,Medium (100ml),Mineral,108
France,Stick,15,16248,13.63,3.2,Large (200ml),Mineral,109
Hungary,Spray,50,33576,46.76,4.1,Small (50ml),Natural,110
Turkey,Lotion,70,38629,48.14,3.7,Large (200ml),Chemical,111
Thailand,Stick,70,29898,39.3,3.3,Medium (100ml),Mineral,112
Netherlands,Stick,60,39141,47.96,3.7,Small (50ml),Mineral,113
Pakistan,Stick,15,20233,19.7,3.1,Small (50ml),Mineral,114
Netherlands,Stick,70,32667,34.99,3.8,Medium (100ml),Mineral,115
Germany,Lotion,30,46955,41.96,3.8,Small (50ml),Mineral,116
Australia,Lotion,50,25902,9.63,5,Small (50ml),Mineral,117
Italy,Spray,70,48233,35.7,3.3,Small (50ml),Mineral,118
South Africa,Stick,70,5625,27.66,4.1,Medium (100ml),Synthetic,119
Canada,Spray,60,36666,20.79,4.5,Medium (100ml),Chemical,120
Saudi Arabia,Stick,50,8118,47.9,2.8,Small (50ml),Natural,121
Peru,Lotion,100,29301,21.08,3.8,Medium (100ml),Natural,122
Turkey,Lotion,30,11446,33.5,2.6,Large (200ml),Natural,123
Spain,Lotion,70,35699,17.98,4,Large (200ml),Mineral,124
Australia,Stick,30,34385,41.27,3.7,Medium (100ml),Mineral,125
India,Stick,100,42531,43,3.4,Medium (100ml),Chemical,126
Bangladesh,Spray,50,28542,13.81,3.9,Medium (100ml),Synthetic,127
Pakistan,Lotion,60,16256,32.33,4.3,Medium (100ml),Mineral,128
Russia,Lotion,50,23645,5.38,2.6,Small (50ml),Mineral,129
Ireland,Lotion,15,35481,47.88,4.6,Large (200ml),Chemical,130
Netherlands,Spray,100,3755,19.66,4.1,Medium (100ml),Synthetic,131
Thailand,Spray,60,40463,16.3,4.8,Large (200ml),Mineral,132
South Africa,Lotion,100,17078,49.23,4.9,Small (50ml),Chemical,133
Greece,Spray,50,8017,11.48,4.3,Medium (100ml),Mineral,134
Egypt,Spray,50,36360,45.55,2.6,Large (200ml),Mineral,135
Sweden,Spray,70,27372,43.98,3.5,Medium (100ml),Mineral,136
USA,Stick,50,3084,34.38,2.6,Medium (100ml),Chemical,137
Germany,Spray,100,38410,49.24,2.9,Small (50ml),Chemical,138
USA,Lotion,70,25443,18.95,4.6,Large (200ml),Synthetic,139
Singapore,Spray,15,17730,28.35,4,Large (200ml),Natural,140
Pakistan,Stick,60,14364,19.4,3.7,Large (200ml),Chemical,141
Turkey,Spray,100,39824,35.38,4.8,Small (50ml),Synthetic,142
Chile,Lotion,50,34166,41.99,3.2,Large (200ml),Chemical,143
Brazil,Spray,30,21023,39.72,2.6,Small (50ml),Mineral,144
Japan,Stick,70,7109,38.52,3.5,Small (50ml),Mineral,145
Netherlands,Stick,70,30593,6.56,4.8,Medium (100ml),Natural,146
Pakistan,Spray,60,40787,24.85,2.7,Large (200ml),Natural,147
South Korea,Stick,100,30646,27.54,2.5,Medium (100ml),Chemical,148
Canada,Stick,100,7999,22.42,4.7,Large (200ml),Mineral,149
Singapore,Spray,70,1846,24.79,3.4,Small (50ml),Synthetic,150
Malaysia,Lotion,60,46224,20.22,4.1,Small (50ml),Synthetic,151
Norway,Lotion,70,42079,39.53,3.6,Large (200ml),Chemical,152
Belgium,Stick,50,11752,12.11,4.2,Medium (100ml),Mineral,153
Nigeria,Stick,50,8954,20.4,4.4,Large (200ml),Mineral,154
Poland,Spray,30,28718,19.44,2.7,Medium (100ml),Synthetic,155
Norway,Spray,60,37899,43.99,2.7,Medium (100ml),Mineral,156
Egypt,Spray,50,4870,30.92,3.6,Large (200ml),Chemical,157
Russia,Lotion,100,21137,39.86,4.6,Large (200ml),Mineral,158
Pakistan,Lotion,60,42977,16.29,3.3,Large (200ml),Natural,159
Chile,Lotion,60,38188,24.81,3.4,Small (50ml),Mineral,160
South Africa,Stick,100,38969,30.81,4.8,Medium (100ml),Chemical,161
Egypt,Lotion,70,3842,34.94,2.9,Large (200ml),Chemical,162
Egypt,Spray,60,8010,23.37,4,Large (200ml),Synthetic,163
Egypt,Spray,100,45866,46.3,4.5,Small (50ml),Chemical,164
South Korea,Stick,70,9661,15.17,4.4,Medium (100ml),Natural,165
Italy,Stick,50,1005,25.71,3.5,Medium (100ml),Natural,166
Czech Republic,Lotion,100,26369,36.66,3.2,Medium (100ml),Natural,167
Spain,Lotion,100,23516,29.92,3.1,Medium (100ml),Mineral,168
Russia,Lotion,15,48988,15.91,3.9,Small (50ml),Mineral,169
Philippines,Spray,70,6804,42.88,4.8,Large (200ml),Chemical,170
South Africa,Lotion,70,18198,19.92,3.3,Medium (100ml),Natural,171
Japan,Spray,15,46091,30.25,4.4,Large (200ml),Mineral,172
Singapore,Stick,70,45018,45.86,4.1,Medium (100ml),Natural,173
France,Stick,15,16378,42.33,2.5,Medium (100ml),Synthetic,174
Spain,Lotion,15,24731,14.91,3.3,Medium (100ml),Natural,175
Spain,Spray,30,15099,19.64,2.7,Small (50ml),Chemical,176
Colombia,Lotion,60,24308,25.28,4.6,Small (50ml),Natural,177
Norway,Lotion,30,29489,31.38,4.5,Medium (100ml),Synthetic,178
Bangladesh,Lotion,70,39064,19.56,4.8,Medium (100ml),Chemical,179
USA,Lotion,30,4989,46.32,2.8,Medium (100ml),Chemical,180
Singapore,Lotion,100,10080,21.77,4.7,Small (50ml),Natural,181
Colombia,Spray,50,22114,9.56,2.7,Large (200ml),Mineral,182
Norway,Spray,15,10225,7.3,4.1,Small (50ml),Natural,183
Pakistan,Lotion,60,26129,44.95,4.9,Medium (100ml),Mineral,184
Denmark,Lotion,60,45689,11.99,4,Large (200ml),Natural,185
Canada,Spray,50,48636,34.72,3.2,Large (200ml),Mineral,186
Germany,Spray,50,21601,7.09,3,Medium (100ml),Synthetic,187
Indonesia,Spray,100,8848,43.63,3,Medium (100ml),Synthetic,188
Australia,Stick,15,28852,45.07,2.8,Medium (100ml),Natural,189
Thailand,Spray,60,40224,39.96,2.9,Small (50ml),Natural,190
Belgium,Spray,70,4666,18.47,3.6,Medium (100ml),Mineral,191
Mexico,Stick,15,10312,17.82,3.2,Medium (100ml),Mineral,192
Norway,Spray,100,3684,23.11,2.9,Medium (100ml),Natural,193
Hungary,Lotion,30,19415,36.53,3.6,Small (50ml),Mineral,194
Bangladesh,Stick,15,13934,19.11,3.4,Medium (100ml),Synthetic,195
Canada,Stick,30,24528,15.18,3.8,Small (50ml),Mineral,196
Russia,Spray,15,11084,27.54,2.9,Large (200ml),Natural,197
Ireland,Lotion,50,16996,8.99,3.5,Medium (100ml),Mineral,198
Turkey,Spray,30,1533,13.89,4.1,Large (200ml),Natural,199
Peru,Stick,30,32216,39.2,4.4,Medium (100ml),Synthetic,200
Thailand,Spray,70,4571,29.83,3.6,Medium (100ml),Chemical,201
Russia,Stick,30,39653,31.35,4,Medium (100ml),Natural,202
South Korea,Lotion,60,43563,46.34,4.6,Small (50ml),Chemical,203
Switzerland,Spray,15,41666,26.93,2.7,Small (50ml),Chemical,204
France,Spray,50,34616,36.36,3.5,Medium (100ml),Synthetic,205
Belgium,Spray,60,11137,23.94,3.6,Small (50ml),Natural,206
Indonesia,Spray,50,22907,29.17,3.3,Medium (100ml),Natural,207
Peru,Stick,70,42178,47.14,4.4,Medium (100ml),Synthetic,208
Belgium,Lotion,70,20023,38.55,3,Large (200ml),Natural,209
South Africa,Spray,100,43454,44.98,2.6,Large (200ml),Natural,210
USA,Spray,30,37437,28.24,4.1,Medium (100ml),Chemical,211
Saudi Arabia,Spray,100,26935,42.36,3.3,Small (50ml),Natural,212
New Zealand,Stick,70,48146,48.59,3.5,Medium (100ml),Natural,213
Nigeria,Stick,100,9714,46.86,4,Large (200ml),Natural,214
India,Spray,70,28906,34.16,3.8,Small (50ml),Chemical,215
Poland,Stick,50,34802,28.67,4.9,Medium (100ml),Natural,216
Italy,Stick,70,8152,41.95,4,Small (50ml),Synthetic,217
Austria,Spray,60,47449,10.75,4.3,Large (200ml),Natural,218
Thailand,Lotion,15,44798,47.35,2.6,Medium (100ml),Mineral,219
Poland,Spray,100,19554,45.69,3.8,Medium (100ml),Synthetic,220
Greece,Spray,60,34414,29.16,4.9,Small (50ml),Synthetic,221
Belgium,Spray,30,2179,14.92,2.6,Small (50ml),Natural,222
France,Lotion,15,41874,31.92,2.6,Small (50ml),Mineral,223
Egypt,Lotion,60,49999,27.4,3.2,Medium (100ml),Natural,224
Ireland,Lotion,60,16583,45.43,2.6,Medium (100ml),Natural,225
Colombia,Stick,100,23378,48.51,3.7,Medium (100ml),Natural,226
Turkey,Stick,100,15444,18.98,2.6,Large (200ml),Chemical,227
Japan,Lotion,100,25253,9.94,3.5,Small (50ml),Chemical,228
Ireland,Spray,15,36196,23.86,3.1,Medium (100ml),Natural,229
Saudi Arabia,Stick,100,18863,7.82,2.9,Medium (100ml),Mineral,230
Thailand,Spray,100,1058,22.87,3.4,Medium (100ml),Chemical,231
Spain,Lotion,30,44645,34.65,3.9,Medium (100ml),Synthetic,232
South Korea,Spray,30,27551,11.61,4.3,Large (200ml),Chemical,233
Bangladesh,Lotion,15,27976,28.36,4.3,Small (50ml),Synthetic,234
Chile,Stick,100,42119,12.93,3.6,Small (50ml),Mineral,235
Bangladesh,Stick,50,15597,33.31,2.7,Small (50ml),Synthetic,236
Norway,Spray,100,40850,35.09,3.8,Small (50ml),Natural,237
Italy,Lotion,60,49576,27.57,3.8,Small (50ml),Chemical,238
Czech Republic,Lotion,30,45428,36.49,3.5,Small (50ml),Chemical,239
Saudi Arabia,Stick,15,9113,44.87,2.8,Large (200ml),Synthetic,240
Pakistan,Spray,30,4798,19.47,3.4,Medium (100ml),Chemical,241
Malaysia,Stick,50,26835,7.85,3.3,Small (50ml),Chemical,242
Switzerland,Lotion,60,1390,26.73,2.7,Large (200ml),Chemical,243
Portugal,Lotion,100,19273,32.37,4.6,Medium (100ml),Chemical,244
Argentina,Stick,70,48856,40.25,2.7,Medium (100ml),Chemical,245
France,Spray,60,29574,36.71,4.7,Medium (100ml),Chemical,246
Norway,Lotion,100,11150,32.51,3.2,Small (50ml),Natural,247
Vietnam,Spray,70,49647,22.5,3.1,Small (50ml),Chemical,248
Spain,Stick,50,6998,15.99,2.7,Medium (100ml),Natural,249
Denmark,Lotion,30,3033,38.82,4.6,Large (200ml),Synthetic,250
Israel,Stick,70,43514,24.69,3.3,Large (200ml),Mineral,251
Israel,Stick,60,29259,17.86,3.4,Small (50ml),Natural,252
Argentina,Lotion,70,21511,8.81,2.6,Large (200ml),Chemical,253
Bangladesh,Stick,15,27490,37.96,3.4,Large (200ml),Chemical,254
Canada,Stick,100,43074,17.6,4.5,Large (200ml),Natural,255
Germany,Lotion,50,29158,12.08,4,Small (50ml),Mineral,256
Turkey,Lotion,15,12762,5.44,3.2,Large (200ml),Synthetic,257
Colombia,Lotion,70,14165,41.39,3.9,Large (200ml),Mineral,258
Belgium,Stick,100,21619,7.06,3.8,Small (50ml),Mineral,259
Italy,Stick,30,17200,42.09,4.9,Medium (100ml),Mineral,260
Bangladesh,Lotion,50,9333,28.74,3.4,Small (50ml),Natural,261
Malaysia,Lotion,50,22971,9.13,3.5,Small (50ml),Synthetic,262
Israel,Spray,60,14128,38.97,4.9,Small (50ml),Natural,263
Sweden,Spray,100,22054,46.73,4.7,Medium (100ml),Chemical,264
Philippines,Lotion,30,40759,29.49,2.6,Small (50ml),Natural,265
Czech Republic,Lotion,30,38401,35.27,3,Small (50ml),Mineral,266
Japan,Spray,70,45558,8.72,4.4,Small (50ml),Chemical,267
Chile,Stick,60,1953,10.09,3.4,Large (200ml),Mineral,268
Germany,Stick,30,8741,34.83,3.2,Small (50ml),Chemical,269
Hungary,Spray,70,34021,18.68,3.9,Small (50ml),Synthetic,270
Indonesia,Stick,30,35953,47.63,3.6,Medium (100ml),Chemical,271
Thailand,Stick,30,36707,27.09,4.6,Small (50ml),Synthetic,272
India,Spray,50,31211,46.01,4.2,Medium (100ml),Natural,273
Saudi Arabia,Stick,100,12383,46.59,3.8,Large (200ml),Mineral,274
Hungary,Stick,15,3830,27.13,4.5,Small (50ml),Natural,275
Mexico,Spray,50,34656,29.32,4.1,Small (50ml),Chemical,276
Poland,Lotion,30,49123,27.73,4.8,Medium (100ml),Natural,277
Austria,Stick,30,1383,19.89,4.5,Medium (100ml),Mineral,278
Germany,Lotion,100,21773,6.71,3.9,Large (200ml),Synthetic,279
UAE,Stick,70,12004,46.08,4.7,Large (200ml),Synthetic,280
Pakistan,Lotion,100,30181,32.64,3,Medium (100ml),Mineral,281
Nigeria,Stick,50,37899,45.99,4.1,Small (50ml),Natural,282
Italy,Lotion,15,17450,37.81,4.5,Small (50ml),Mineral,283
Canada,Lotion,60,33478,26.57,4.8,Small (50ml),Mineral,284
Italy,Lotion,100,46814,18.94,3.4,Large (200ml),Mineral,285
Switzerland,Stick,60,29171,38.32,3.1,Medium (100ml),Chemical,286
Japan,Spray,60,24160,40.47,3.5,Large (200ml),Natural,287
Greece,Lotion,100,6045,34.95,4.1,Medium (100ml),Synthetic,288
Canada,Spray,50,1859,20.01,3.5,Large (200ml),Natural,289
South Korea,Spray,100,29197,35.08,4.8,Large (200ml),Natural,290
Denmark,Spray,50,10128,5.78,4,Large (200ml),Synthetic,291
Vietnam,Stick,100,36210,29.2,3.8,Small (50ml),Natural,292
Ukraine,Spray,50,4532,24.85,4.5,Medium (100ml),Synthetic,293
Greece,Spray,70,8727,8.64,3.7,Large (200ml),Mineral,294
Israel,Stick,50,3226,39.86,3.8,Medium (100ml),Mineral,295
Brazil,Stick,60,35126,43.46,3.1,Large (200ml),Chemical,296
South Africa,Stick,60,1142,18.71,2.6,Small (50ml),Natural,297
Argentina,Spray,70,15000,13.84,2.7,Small (50ml),Synthetic,298
Turkey,Spray,70,43093,25.2,4.6,Small (50ml),Synthetic,299
Indonesia,Spray,30,15489,33.97,4.1,Small (50ml),Synthetic,300
Poland,Spray,15,15230,28.37,4.7,Small (50ml),Natural,301
Portugal,Lotion,30,8326,39.81,2.6,Medium (100ml),Synthetic,302
India,Spray,50,39181,44.32,3,Large (200ml),Mineral,303
Netherlands,Spray,30,44787,47.7,4.4,Medium (100ml),Mineral,304
Portugal,Stick,70,13968,34.22,4.1,Medium (100ml),Chemical,305
Colombia,Spray,50,40666,41.44,2.8,Medium (100ml),Chemical,306
Greece,Lotion,30,30986,23,4,Small (50ml),Chemical,307
Argentina,Spray,60,44340,35.96,4.4,Medium (100ml),Chemical,308
Finland,Stick,70,32689,15.26,4,Small (50ml),Mineral,309
Norway,Stick,15,37363,45.1,5,Large (200ml),Chemical,310
USA,Lotion,15,4242,46.62,4.7,Small (50ml),Synthetic,311
Bangladesh,Lotion,50,31145,29.12,5,Large (200ml),Natural,312
Belgium,Lotion,60,24095,26.38,3.5,Medium (100ml),Synthetic,313
Poland,Stick,70,22338,38.87,2.8,Medium (100ml),Natural,314
Australia,Lotion,15,34678,29.43,4.1,Large (200ml),Chemical,315
France,Lotion,60,30419,35.61,4.2,Small (50ml),Chemical,316
Vietnam,Stick,15,24681,36.09,2.7,Large (200ml),Chemical,317
UK,Stick,70,32452,43.79,4.8,Small (50ml),Mineral,318
Ukraine,Lotion,60,33418,18.21,2.6,Medium (100ml),Mineral,319
Turkey,Stick,15,27786,18.69,4.6,Large (200ml),Chemical,320
UK,Spray,50,46191,22.79,3.5,Medium (100ml),Natural,321
Brazil,Spray,50,41170,11.15,3,Small (50ml),Synthetic,322
Argentina,Stick,100,24161,32.87,4.1,Large (200ml),Chemical,323
Denmark,Spray,60,23754,33.34,4.4,Small (50ml),Synthetic,324
Chile,Spray,100,44380,29.18,2.8,Medium (100ml),Natural,325
Russia,Spray,100,43209,44.35,4.3,Large (200ml),Mineral,326
Pakistan,Stick,15,30646,37.12,4.2,Small (50ml),Chemical,327
Netherlands,Spray,15,7750,14.31,3.8,Large (200ml),Natural,328
Argentina,Stick,100,25868,36.87,4.9,Medium (100ml),Chemical,329
South Africa,Stick,30,42824,36.73,3.3,Large (200ml),Mineral,330
UK,Lotion,60,47642,48.81,4.3,Medium (100ml),Natural,331
Norway,Lotion,60,1459,28.93,4.9,Large (200ml),Mineral,332
Germany,Spray,70,48207,17.05,3.1,Medium (100ml),Natural,333
Belgium,Lotion,100,42596,48.2,5,Medium (100ml),Natural,334
India,Stick,60,36773,23.32,2.6,Large (200ml),Mineral,335
Czech Republic,Spray,15,37659,49.32,3.3,Large (200ml),Synthetic,336
Germany,Spray,15,18915,24.89,4.1,Small (50ml),Chemical,337
Colombia,Stick,70,11859,22.98,4.5,Small (50ml),Mineral,338
Philippines,Stick,60,29790,11.26,4.3,Medium (100ml),Synthetic,339
Colombia,Stick,50,34922,17.74,4,Small (50ml),Chemical,340
Portugal,Lotion,60,48720,11.8,3.5,Small (50ml),Synthetic,341
Brazil,Spray,60,41820,21,4,Small (50ml),Synthetic,342
UAE,Stick,30,11501,6.92,2.6,Medium (100ml),Mineral,343
Ireland,Spray,15,3880,7.99,2.8,Large (200ml),Chemical,344
Germany,Spray,60,49342,30.42,3.8,Small (50ml),Natural,345
Finland,Spray,30,1343,48.42,4.9,Small (50ml),Natural,346
Nigeria,Lotion,100,47657,44.47,2.7,Small (50ml),Synthetic,347
New Zealand,Lotion,100,3787,11.91,3.7,Small (50ml),Chemical,348
Singapore,Spray,50,39826,8.46,4.5,Small (50ml),Synthetic,349
Singapore,Stick,50,26484,35.28,3.3,Large (200ml),Mineral,350
Australia,Lotion,70,46779,11.39,4.4,Medium (100ml),Natural,351
Saudi Arabia,Spray,60,43725,30.42,3.7,Medium (100ml),Mineral,352
Canada,Stick,30,17137,14.85,2.7,Large (200ml),Chemical,353
China,Stick,100,16975,26.77,4.1,Small (50ml),Synthetic,354
UK,Lotion,100,44051,12.6,4.5,Small (50ml),Mineral,355
France,Lotion,60,3436,27.76,3.7,Medium (100ml),Chemical,356
Pakistan,Lotion,60,22405,48.17,3.8,Small (50ml),Natural,357
Colombia,Stick,30,41170,16.44,4.4,Small (50ml),Mineral,358
Vietnam,Stick,50,2967,8.24,2.8,Small (50ml),Synthetic,359
France,Lotion,50,26348,13.69,4.9,Medium (100ml),Mineral,360
UK,Lotion,60,2577,20.57,3.2,Large (200ml),Chemical,361
Turkey,Spray,100,7605,5.24,4.5,Small (50ml),Synthetic,362
Ireland,Lotion,50,18372,36.22,4.6,Small (50ml),Synthetic,363
Ireland,Spray,30,30852,8.79,3.4,Small (50ml),Synthetic,364
Brazil,Stick,30,4589,19.4,4.7,Large (200ml),Synthetic,365
Australia,Stick,70,16261,42.23,4.8,Medium (100ml),Natural,366
Ukraine,Spray,15,4971,19.49,3,Medium (100ml),Natural,367
Australia,Spray,15,32930,20.5,5,Large (200ml),Synthetic,368
Ukraine,Spray,15,38651,18.2,4.1,Medium (100ml),Natural,369
Indonesia,Stick,70,33490,38.2,4.1,Small (50ml),Mineral,370
Colombia,Stick,60,14712,27.24,4.9,Large (200ml),Natural,371
Australia,Spray,100,3895,28.66,3.9,Medium (100ml),Chemical,372
Australia,Stick,70,41694,47.91,4.6,Large (200ml),Mineral,373
Switzerland,Stick,100,34355,40.12,4.6,Medium (100ml),Chemical,374
Switzerland,Lotion,15,16707,39.71,3.1,Large (200ml),Synthetic,375
Spain,Lotion,15,6144,40,4.1,Medium (100ml),Synthetic,376
Australia,Spray,15,7590,42.75,4.6,Medium (100ml),Mineral,377
India,Stick,70,30547,48.91,2.5,Medium (100ml),Chemical,378
Bangladesh,Stick,60,27015,46.04,2.9,Small (50ml),Natural,379
Ireland,Lotion,60,20861,48.6,4.7,Large (200ml),Chemical,380
Switzerland,Lotion,70,4906,46.86,4.7,Large (200ml),Mineral,381
Turkey,Stick,50,25084,5.93,2.8,Large (200ml),Mineral,382
New Zealand,Stick,70,45774,39.13,4.3,Small (50ml),Natural,383
India,Spray,15,49226,17.27,2.7,Large (200ml),Natural,384
Turkey,Spray,30,36840,35.16,2.8,Medium (100ml),Synthetic,385
Ukraine,Lotion,100,48047,39.09,2.8,Medium (100ml),Chemical,386
Thailand,Spray,100,11641,46.97,3.1,Small (50ml),Chemical,387
Poland,Spray,30,20961,35.46,4.2,Large (200ml),Mineral,388
Singapore,Lotion,70,28589,14.14,4.1,Medium (100ml),Natural,389
Hungary,Lotion,60,38994,27.18,2.6,Small (50ml),Chemical,390
India,Spray,15,24575,16.96,2.6,Small (50ml),Natural,391
Brazil,Lotion,15,36825,34.42,4.3,Large (200ml),Synthetic,392
Malaysia,Stick,100,19689,8.96,3.4,Small (50ml),Chemical,393
Chile,Lotion,30,7791,34.59,3,Large (200ml),Natural,394
Brazil,Stick,100,29469,6.33,2.8,Medium (100ml),Mineral,395
UAE,Lotion,100,15914,39.27,2.8,Large (200ml),Chemical,396
Vietnam,Stick,50,15311,32.29,4.5,Small (50ml),Chemical,397
USA,Stick,100,14570,28.93,4.7,Medium (100ml),Natural,398
Pakistan,Stick,30,48419,8.34,5,Small (50ml),Chemical,399
Indonesia,Lotion,60,33649,38.33,3.5,Small (50ml),Chemical,400
Ireland,Spray,50,7519,47.78,2.9,Medium (100ml),Natural,401
Philippines,Lotion,60,36839,22.78,4.7,Small (50ml),Mineral,402
Finland,Spray,60,25277,9.33,4.7,Large (200ml),Mineral,403
Nigeria,Stick,60,42728,20.58,4.5,Medium (100ml),Natural,404
Chile,Stick,30,38133,7.7,4.8,Large (200ml),Natural,405
UAE,Lotion,50,7781,21.24,4.9,Large (200ml),Synthetic,406
Czech Republic,Spray,15,18101,47.42,4.1,Small (50ml),Synthetic,407
Brazil,Stick,50,28888,26.42,3.5,Small (50ml),Chemical,408
Ukraine,Lotion,15,37852,9.61,3.5,Large (200ml),Synthetic,409
UAE,Spray,60,31513,29.98,3.8,Small (50ml),Natural,410
Sweden,Stick,15,31708,43.76,4.4,Large (200ml),Natural,411
Norway,Spray,70,1837,21.57,4.7,Medium (100ml),Natural,412
Finland,Spray,70,39759,9.55,2.7,Small (50ml),Synthetic,413
Italy,Stick,30,41368,37.64,4.7,Large (200ml),Chemical,414
Mexico,Spray,30,23840,22.26,3.8,Large (200ml),Chemical,415
Nigeria,Lotion,60,36424,45.47,4.2,Medium (100ml),Mineral,416
Peru,Lotion,100,6651,17.29,4.9,Small (50ml),Natural,417
Mexico,Spray,50,31199,33.27,4.3,Small (50ml),Mineral,418
Canada,Stick,50,29994,34,4.3,Small (50ml),Mineral,419
New Zealand,Stick,30,49078,7.67,4.2,Medium (100ml),Mineral,420
Australia,Lotion,70,38438,35.56,2.7,Large (200ml),Natural,421
Belgium,Spray,70,34471,27.48,3.4,Small (50ml),Natural,422
Italy,Spray,60,32151,10.97,4.4,Medium (100ml),Mineral,423
Norway,Stick,30,28668,27.05,2.5,Large (200ml),Chemical,424
Pakistan,Lotion,60,34554,41.8,2.6,Small (50ml),Mineral,425
Italy,Stick,50,20041,7.04,4.7,Medium (100ml),Synthetic,426
India,Stick,30,29588,22.92,3.8,Medium (100ml),Synthetic,427
South Africa,Lotion,60,18773,26.14,3.5,Small (50ml),Synthetic,428
France,Stick,50,4120,17.78,3.7,Small (50ml),Chemical,429
Australia,Spray,15,31166,27.36,4.8,Small (50ml),Mineral,430
Finland,Stick,15,44252,18.67,4.6,Small (50ml),Synthetic,431
South Africa,Lotion,15,27848,48.65,2.8,Large (200ml),Mineral,432
India,Spray,30,11335,11.97,2.7,Small (50ml),Chemical,433
Chile,Spray,50,43917,49.13,5,Large (200ml),Synthetic,434
Sweden,Spray,15,38166,8.08,4.4,Medium (100ml),Chemical,435
Germany,Spray,100,31313,11.45,2.9,Large (200ml),Mineral,436
USA,Stick,70,25083,6.34,4.6,Small (50ml),Natural,437
Ireland,Lotion,60,32944,43.04,3.2,Small (50ml),Synthetic,438
Philippines,Stick,15,13727,28.51,2.9,Large (200ml),Natural,439
Peru,Spray,60,21712,28.01,4,Small (50ml),Mineral,440
UK,Spray,60,2296,41.75,4.2,Medium (100ml),Synthetic,441
South Korea,Spray,15,21769,12.42,2.7,Small (50ml),Chemical,442
Netherlands,Stick,50,46935,25.23,4.8,Small (50ml),Mineral,443
Finland,Lotion,100,27105,45.91,3.5,Large (200ml),Mineral,444
Germany,Stick,30,8233,40.01,4.4,Large (200ml),Synthetic,445
Turkey,Stick,50,35094,41.24,3.9,Large (200ml),Synthetic,446
Turkey,Spray,60,26823,40.39,2.6,Small (50ml),Synthetic,447
Peru,Spray,70,19807,36.89,4.7,Medium (100ml),Chemical,448
Ireland,Spray,60,31061,9.51,4.4,Small (50ml),Synthetic,449
USA,Lotion,50,7182,37.23,3.3,Medium (100ml),Natural,450
Mexico,Spray,60,49425,16.94,4.6,Large (200ml),Synthetic,451
UK,Lotion,70,32244,26.35,5,Medium (100ml),Natural,452
Canada,Lotion,100,42571,6.48,4.8,Large (200ml),Mineral,453
USA,Stick,30,42611,27.67,2.9,Medium (100ml),Chemical,454
Philippines,Spray,100,35751,10.86,2.6,Medium (100ml),Synthetic,455
France,Stick,60,29649,20.36,3.4,Medium (100ml),Chemical,456
Singapore,Stick,15,43912,5.44,4.4,Large (200ml),Chemical,457
Russia,Lotion,15,49132,37.73,4.2,Large (200ml),Synthetic,458
Pakistan,Spray,100,16943,42.36,4.2,Large (200ml),Mineral,459
Italy,Lotion,60,30755,28.8,2.7,Large (200ml),Natural,460
Malaysia,Stick,70,35219,20.89,4.9,Medium (100ml),Chemical,461
Russia,Stick,100,11682,5.5,3.7,Large (200ml),Chemical,462
Nigeria,Spray,60,35064,43.14,4.7,Small (50ml),Mineral,463
Chile,Stick,15,49573,48.76,2.7,Medium (100ml),Natural,464
Thailand,Stick,100,33120,22.46,4.9,Small (50ml),Mineral,465
Russia,Spray,30,7799,29.57,2.6,Small (50ml),Mineral,466
Vietnam,Stick,30,43239,46.76,3.3,Small (50ml),Synthetic,467
South Korea,Spray,60,5225,24.44,4.5,Medium (100ml),Mineral,468
Austria,Stick,30,9047,20.36,4,Large (200ml),Mineral,469
Belgium,Spray,60,2258,23.98,3.3,Medium (100ml),Natural,470
Israel,Lotion,30,19405,27.92,2.7,Medium (100ml),Mineral,471
Ireland,Stick,60,48970,40.78,3.2,Medium (100ml),Chemical,472
Poland,Lotion,60,14135,31.45,4,Medium (100ml),Synthetic,473
Singapore,Stick,60,32790,44.52,2.9,Large (200ml),Chemical,474
Poland,Stick,15,47190,7.05,3.4,Medium (100ml),Synthetic,475
South Africa,Stick,50,33539,39.93,4.3,Small (50ml),Mineral,476
Canada,Lotion,30,43642,21.96,3.3,Small (50ml),Synthetic,477
Thailand,Spray,60,37252,20.41,4.7,Small (50ml),Synthetic,478
Brazil,Stick,100,10921,21.27,4.3,Small (50ml),Chemical,479
Egypt,Lotion,50,20123,45.8,2.7,Large (200ml),Natural,480
Austria,Stick,15,3349,16.13,2.9,Large (200ml),Natural,481
USA,Lotion,15,36249,45.58,2.8,Medium (100ml),Natural,482
Saudi Arabia,Lotion,30,44651,23.79,3.8,Medium (100ml),Synthetic,483
Vietnam,Stick,50,39060,45.69,3.3,Medium (100ml),Synthetic,484
Finland,Lotion,70,48966,43.76,3.2,Medium (100ml),Natural,485
China,Lotion,30,30558,42.75,4.2,Small (50ml),Mineral,486
Switzerland,Stick,60,7745,8.66,4.3,Large (200ml),Mineral,487
France,Lotion,70,39298,5.03,4.7,Small (50ml),Mineral,488
France,Lotion,70,40177,33.72,4.8,Small (50ml),Natural,489
India,Spray,30,27683,33.73,4.2,Small (50ml),Synthetic,490
Egypt,Stick,50,40757,29.22,2.6,Large (200ml),Chemical,491
Greece,Spray,70,18629,9.06,3.2,Large (200ml),Natural,492
France,Stick,30,47932,48.08,5,Large (200ml),Synthetic,493
Israel,Lotion,60,26149,20.53,2.6,Small (50ml),Mineral,494
Switzerland,Lotion,100,26002,30.19,4,Small (50ml),Synthetic,495
Australia,Spray,60,17385,32.81,4.9,Large (200ml),Mineral,496
Bangladesh,Lotion,50,21109,36.73,2.9,Small (50ml),Mineral,497
Pakistan,Stick,70,24520,5.85,3.1,Large (200ml),Chemical,498
Singapore,Stick,60,40883,49.28,3,Small (50ml),Synthetic,499
Mexico,Lotion,15,44361,32.98,3.4,Large (200ml),Synthetic,500
